{
  "x": [
    4.39330530166626,
    6.569037437438965,
    5.9832634925842285,
    7.28033447265625,
    4.686192512512207,
    14.184101104736328,
    16.945606231689453,
    26.98744773864746
  ],
  "bounds": [
    0,
    0,
    30,
    40
  ],
  "y": [
    33.4375,
    28.4375,
    21.875,
    21.25,
    17.4375,
    19.1875,
    17.25,
    6.6875
  ],
  "version": ["v1.1.1"]
}