{
  "x": [
    318.7015380859375,
    526.96923828125,
    787.3038940429688,
    995.5715942382812,
    1099.7054443359375,
    1229.872802734375,
    1334.006591796875,
    1438.1405029296875,
    1646.408203125,
    1854.67578125,
    1984.84326171875,
    2115.010498046875,
    2271.211181640625,
    2427.412109375,
    2505.512451171875,
    2609.646240234375,
    2765.846923828125,
    2922.0478515625,
    3052.215087890625,
    3260.48291015625,
    3494.7841796875,
    3729.085205078125,
    3937.352783203125,
    4145.6201171875,
    4405.955078125,
    4692.3232421875,
    5004.724609375,
    5317.1259765625,
    5629.52783203125,
    5967.962890625,
    6280.3642578125,
    6618.79931640625,
    6957.234375,
    7347.736328125,
    7686.17138671875,
    7972.53955078125,
    8284.9404296875,
    8519.2421875,
    8883.7099609375,
    9196.1123046875,
    9508.513671875,
    9872.982421875,
    10289.517578125,
    10653.9853515625,
    11018.4541015625,
    11356.888671875,
    11669.291015625,
    12033.759765625,
    12372.1943359375,
    12684.595703125,
    12996.9970703125,
    13335.4326171875,
    13699.900390625,
    14038.3369140625,
    14402.8037109375,
    14793.3056640625,
    15157.775390625,
    15496.2099609375,
    15886.7119140625,
    16225.1474609375,
    16563.58203125,
    16928.052734375,
    17266.486328125,
    17578.888671875,
    17917.322265625,
    18255.7578125,
    18620.2265625,
    18932.626953125,
    19192.962890625,
    19505.365234375,
    19739.666015625,
    20000
  ],
  "y": [
    3.462686538696289,
    3.462686538696289,
    4.119403839111328,
    2.1492538452148438,
    0.5074625015258789,
    -1.462686538696289,
    -3.1044774055480957,
    -4.417910575866699,
    -4.7462687492370605,
    -5.074626922607422,
    -5.074626922607422,
    -2.7761192321777344,
    -0.4776115417480469,
    1.8208961486816406,
    2.8059701919555664,
    2.8059701919555664,
    0.8358211517333984,
    -1.134328842163086,
    -3.1044774055480957,
    -4.7462687492370605,
    -6.059701919555664,
    -7.373134613037109,
    -8.029850959777832,
    -8.686567306518555,
    -9.67164134979248,
    -10.32835865020752,
    -10.656716346740723,
    -11.313432693481445,
    -11.641791343688965,
    -11.970149040222168,
    -12.62686538696289,
    -12.95522403717041,
    -13.283581733703613,
    -13.611940383911133,
    -13.940298080444336,
    -13.940298080444336,
    -14.597015380859375,
    -14.597015380859375,
    -14.925373077392578,
    -14.925373077392578,
    -15.253730773925781,
    -15.253730773925781,
    -15.5820894241333,
    -15.91044807434082,
    -15.91044807434082,
    -15.91044807434082,
    -15.91044807434082,
    -15.5820894241333,
    -15.91044807434082,
    -15.91044807434082,
    -15.5820894241333,
    -15.91044807434082,
    -15.5820894241333,
    -15.253730773925781,
    -14.925373077392578,
    -14.925373077392578,
    -14.925373077392578,
    -14.597015380859375,
    -14.597015380859375,
    -14.268656730651855,
    -14.268656730651855,
    -13.940298080444336,
    -13.940298080444336,
    -14.268656730651855,
    -13.940298080444336,
    -13.611940383911133,
    -13.283581733703613,
    -12.62686538696289,
    -11.641791343688965,
    -10.32835865020752,
    -8.686567306518555,
    -7.04477596282959
  ]
}