{
  "x": [
    61.97479248046875,
    691.5966796875,
    1363.193359375,
    2076.7646484375,
    2706.38671875,
    3377.9833984375,
    4049.579833984375,
    4721.17626953125,
    5392.7734375,
    6064.3701171875,
    6693.99169921875,
    7365.587890625,
    8037.1845703125,
    8708.78125,
    9338.4033203125,
    10010,
    10723.5712890625,
    11353.193359375,
    12024.7900390625,
    12654.412109375,
    13367.9833984375,
    14039.580078125,
    14711.17578125,
    15382.7724609375,
    15970.419921875,
    16642.017578125,
    17355.587890625,
    17985.2109375,
    18698.78125,
    19328.404296875,
    19958.025390625
  ],
  "y": [
    -31.390132904052734,
    -26.816143035888672,
    -26.54708480834961,
    -35.156951904296875,
    -29.77578353881836,
    -25.47085189819336,
    -28.161434173583984,
    -24.663677215576172,
    -22.24215316772461,
    -19.55156898498535,
    -17.668161392211914,
    -15.515693664550781,
    -14.170404434204102,
    -12.286996841430664,
    -10.672645568847656,
    -9.327356338500977,
    -8.251121520996094,
    -7.174884796142578,
    -6.367713928222656,
    -5.829597473144531,
    -4.753364562988281,
    -5.022422790527344,
    -5.022422790527344,
    -4.753364562988281,
    -5.291477203369141,
    -6.367713928222656,
    -7.443946838378906,
    -8.520179748535156,
    -9.865470886230469,
    -9.327356338500977,
    -7.713005065917969
  ]
}