{
  "x": [
    39.1288948059082,
    406.48016357421875,
    816.2180786132812,
    1183.5694580078125,
    1550.920654296875,
    1960.65869140625,
    2328.010009765625,
    2695.361083984375,
    3119.22802734375,
    3472.450439453125,
    3853.9306640625,
    4235.41064453125,
    4631.02001953125,
    4998.37109375,
    5379.8515625,
    5789.58935546875,
    6171.0693359375,
    6552.54931640625,
    6948.158203125,
    7329.638671875,
    7682.861328125,
    8078.47021484375,
    8474.0791015625,
    8841.4306640625,
    9237.0400390625,
    9618.51953125,
    9971.7421875
  ],
  "y": [
    53.93885040283203,
    54.58633041381836,
    55.80036163330078,
    59.76618957519531,
    72.23021697998047,
    70.12590026855469,
    61.870506286621094,
    51.267982482910156,
    61.54676055908203,
    52.562950134277344,
    53.93885040283203,
    58.390289306640625,
    54.667266845703125,
    55.88129425048828,
    56.285972595214844,
    54.667266845703125,
    58.471221923828125,
    57.5,
    55.15287780761719,
    53.696044921875,
    51.106117248535156,
    50.134891510009766,
    47.70683288574219,
    46.49280548095703,
    44.95503616333008,
    43.174461364746094,
    42.04136657714844
  ]
}