{
  "x": [
    11107.1044921875,
    11090.0712890625,
    11090.0712890625,
    11107.1044921875,
    11124.13671875,
    11124.13671875,
    11124.13671875
  ],
  "y": [
    -0.19011402130126953,
    -10.114068031311035,
    -6.806083679199219,
    7.794677734375,
    18.28897476196289,
    24.220531463623047,
    35.05703353881836
  ]
}