{
  "x": [
    61.97479248046875,
    691.5966796875,
    1363.193359375,
    2076.7646484375,
    2748.361572265625,
    3419.9580078125,
    4049.579833984375,
    4679.20166015625,
    5392.7734375,
    6022.39501953125,
    6735.966796875,
    7365.587890625,
    8079.15966796875,
    8708.78125,
    9380.3779296875,
    10051.974609375,
    10723.5712890625,
    11353.193359375,
    12024.7900390625,
    12696.38671875,
    13367.9833984375,
    14039.580078125,
    14669.2021484375,
    15340.7978515625,
    16012.39453125,
    16642.017578125,
    17355.587890625,
    17985.2109375,
    18656.806640625,
    19328.404296875,
    19958.025390625
  ],
  "y": [
    19.192825317382812,
    17.578475952148438,
    13.004486083984375,
    -0.7174911499023438,
    0.3587455749511719,
    0.3587455749511719,
    -6.098655700683594,
    -5.829597473144531,
    -6.636772155761719,
    -6.098655700683594,
    -7.174884796142578,
    -7.174884796142578,
    -7.713005065917969,
    -7.713005065917969,
    -7.443946838378906,
    -7.174884796142578,
    -7.174884796142578,
    -6.905830383300781,
    -7.174884796142578,
    -7.174884796142578,
    -6.636772155761719,
    -6.367713928222656,
    -6.367713928222656,
    -5.829597473144531,
    -5.829597473144531,
    -6.367713928222656,
    -6.367713928222656,
    -6.098655700683594,
    -5.560535430908203,
    -2.8699569702148438,
    1.1659164428710938
  ]
}